{
  "name": "KeyChain",
  "blocks": [
    {
      "index": 0,
      "data_root": "genesis",
      "key_root": "genesis",
      "validator": "system"
    },
    {
      "index": 1,
      "data_root": "7705f8a7b8458948",
      "key_root": "331ddcc340847572",
      "validator": "Validator-X"
    },
    {
      "index": 2,
      "data_root": "data_hash",
      "key_root": "fdaaceb5fdf6420c",
      "validator": "Node-4001"
    },
    {
      "index": 3,
      "data_root": "8db61e121114500f",
      "key_root": "fdaaceb5fdf6420c",
      "validator": "Validator-X"
    },
    {
      "index": 4,
      "data_root": "aa8afb84b96cd127",
      "key_root": "e22515c2799324dd",
      "validator": "Node-4001"
    },
    {
      "index": 5,
      "data_root": "data_hash",
      "key_root": "1879e443f61de227",
      "validator": "Node-4001"
    },
    {
      "index": 6,
      "data_root": "bc6ad2ab696d7e95",
      "key_root": "1879e443f61de227",
      "validator": "Validator-X"
    },
    {
      "index": 7,
      "data_root": "79985619e0a23165",
      "key_root": "ab913489587e0ff3",
      "validator": "Node-4001"
    }
  ]
}